Ward and Precinct (Updated 2022),Total Population,White alone,Black or African American,Hispanic or Latino (of any Race),Asian,American Indian and Alaska Native,Native Hawaiian and Other Pacific Islander,Some Other Race,Two or More Non-White Races,"Total Population,Age 18 and over","White alone, Age 18 and over","Black or African American, Age 18 and over","Hispanic or Latino (of any Race), Age 18 and over","Asian, Age 18 and over","American Indian and Alaska Native, Age 18 and over","Native Hawaiian and Other Pacific Islander, Age 18 and over","Some Other Race, Age 18 and over","Two or More Non-White Races, Age 18 and over",Total Group Quarters Population,Correctional Facilities for Adults,Juvenile Facilities,Nursing Facilities,Other Institutional Facilities,College / University Student Housing,Military Quarters,Other Noninstitutional Facilities,Total Housing Units,Occupied Housing Units,Vacant Housing Units
0101,"2,340","1,420",67,652,87,21,2,67,24,"1,980","1,273",48,484,85,19,2,52,17,10,0,0,0,0,0,0,10,"1,121","1,026",95
0102,"2,603",994,81,"1,303",104,2,1,91,27,"2,119",904,67,966,89,2,0,69,22,0,0,0,0,0,0,0,0,"1,083","1,012",71
0103,"5,111","2,287",328,"1,804",479,16,2,148,47,"4,440","2,090",285,"1,446",452,14,0,119,34,0,0,0,0,0,0,0,0,"2,815","2,576",239
0104,"3,019","1,113",133,"1,494",173,11,0,70,25,"2,508","1,027",100,"1,142",154,8,0,57,20,36,0,12,0,0,0,0,24,"1,435","1,306",129
0105,"3,539","1,124",93,"1,958",158,19,1,156,30,"2,810",982,79,"1,467",136,16,1,104,25,15,0,0,0,0,0,0,15,"1,418","1,315",103
0106,"3,301",949,95,"2,019",87,13,1,116,21,"2,601",818,78,"1,514",78,7,1,89,16,9,0,0,0,0,0,0,9,"1,266","1,181",85
0107,"3,331",938,98,"2,027",132,18,4,77,37,"2,601",816,77,"1,509",98,16,4,51,30,13,0,0,0,0,0,0,13,"1,218","1,135",83
0108,"3,826",906,180,"2,418",235,13,4,48,22,"2,953",815,139,"1,731",204,13,1,30,20,26,0,0,0,0,0,0,26,"1,487","1,381",106
0109,"2,721",822,42,"1,664",67,3,0,100,23,"2,119",724,37,"1,198",61,3,0,84,12,0,0,0,0,0,0,0,0,"1,010",933,77
0110,"2,496",560,79,"1,632",90,11,1,101,22,"1,912",489,64,"1,186",77,8,1,69,18,0,0,0,0,0,0,0,0,874,816,58
0111,"2,610","1,140",69,"1,229",84,4,0,74,10,"2,178","1,036",46,961,74,0,0,54,7,3,0,0,0,0,0,0,3,"1,101","1,048",53
0112,"2,492","1,154",80,"1,004",147,2,0,94,11,"2,077","1,032",54,784,116,1,0,81,9,0,0,0,0,0,0,0,0,977,869,108
0113,"3,817","1,610",163,"1,725",182,15,0,93,29,"3,070","1,394",125,"1,309",156,7,0,64,15,9,0,0,0,0,0,0,9,"1,547","1,467",80
0114,"1,860",743,190,771,102,13,0,25,16,"1,458",639,136,559,86,9,0,20,9,132,0,0,132,0,0,0,0,664,630,34
0115,0,0,0,0,0,0,0,0,0,0,0,0,0,0,0,0,0,0,0,0,0,0,0,0,0,0,0,0,0
0201,"2,922","2,206",80,204,383,9,0,35,5,"2,384","1,845",68,151,285,6,0,27,2,55,0,0,55,0,0,0,0,"1,310","1,256",54
0202,"2,081","1,756",49,77,178,0,0,13,8,"1,943","1,659",38,70,163,0,0,10,3,0,0,0,0,0,0,0,0,"1,323","1,254",69
0203,"2,360","2,051",27,99,133,4,0,34,12,"2,023","1,784",25,79,92,4,0,28,11,30,0,0,0,0,0,30,0,"1,255","1,201",54
0204,"2,444","1,945",53,239,118,15,2,45,27,"1,932","1,601",36,138,94,14,2,32,15,0,0,0,0,0,0,0,0,"1,073","1,016",57
0205,"2,265","2,061",19,77,68,13,0,21,6,"1,847","1,698",17,43,55,13,0,18,3,7,0,0,0,0,0,0,7,"1,078","1,035",43
0206,"1,923","1,708",19,67,93,18,1,11,6,"1,630","1,461",18,52,73,16,1,5,4,0,0,0,0,0,0,0,0,924,902,22
0207,"1,760","1,273",85,135,220,15,0,21,11,"1,545","1,142",73,105,194,12,0,16,3,18,0,0,0,0,0,0,18,"1,095",903,192
0208,"3,365",626,762,"1,177",660,25,3,44,68,"2,357",499,464,749,557,22,3,32,31,0,0,0,0,0,0,0,0,"1,467","1,365",102
0301,"2,439","2,022",68,157,116,12,1,51,12,"2,227","1,868",63,118,111,12,1,44,10,44,0,0,41,0,0,0,3,"1,506","1,348",158
0302,"2,715","2,395",34,89,146,14,2,29,6,"2,559","2,265",33,83,130,13,2,27,6,124,0,0,0,0,0,116,8,"1,672","1,514",158
0303,"1,803","1,547",19,85,124,6,1,17,4,"1,756","1,519",19,75,121,5,1,12,4,9,0,0,0,0,0,0,9,"1,172","1,084",88
0304,"1,908","1,660",30,92,90,7,0,16,13,"1,824","1,604",27,76,88,7,0,15,7,3,0,0,0,0,0,0,3,"1,217","1,159",58
0305,"2,255","1,513",119,166,409,4,0,43,1,"2,053","1,413",95,151,351,4,0,38,1,0,0,0,0,0,0,0,0,"1,495","1,422",73
0306,"1,844","1,300",108,157,225,19,0,23,12,"1,745","1,238",108,132,215,19,0,22,11,523,0,0,0,0,334,0,189,"1,249",868,381
0307,"1,886","1,501",51,122,183,7,0,15,7,"1,667","1,335",43,104,158,6,0,15,6,0,0,0,0,0,0,0,0,"1,069",976,93
0308,"5,588","2,235",298,482,"2,490",7,3,41,32,"5,116","2,148",286,438,"2,179",7,3,34,21,816,0,0,0,0,470,0,346,"3,039","2,687",352
0309,"2,166","1,288",63,143,618,8,2,33,11,"2,023","1,207",59,131,573,8,2,33,10,16,0,0,0,0,0,0,16,"1,457","1,335",122
0310,"3,284","2,132",190,304,547,10,1,77,23,"3,022","2,000",173,249,513,9,1,67,10,128,34,0,0,57,0,0,37,"2,291","1,815",476
0311,"2,222","1,919",31,124,98,17,2,29,2,"2,122","1,849",23,108,95,17,2,28,0,12,0,0,0,0,0,0,12,"1,443","1,346",97
0312,"4,461","2,676",178,337,"1,185",18,5,43,19,"4,219","2,546",177,320,"1,103",12,5,39,17,"1,265",0,0,0,0,"1,081",0,184,"2,280","1,835",445
0313,"1,713","1,335",26,73,251,4,2,13,9,"1,537","1,235",19,61,195,4,2,13,8,81,0,0,0,0,0,0,81,"1,035",889,146
0314,"3,214",951,159,146,"1,911",1,1,36,9,"2,800",874,122,116,"1,651",1,1,31,4,256,0,0,224,0,0,0,32,"1,594","1,447",147
0315,"2,297","1,433",206,207,379,1,0,51,20,"2,140","1,383",170,181,343,1,0,47,15,0,0,0,0,0,0,0,0,"1,567","1,403",164
0316,"2,767","1,732",189,279,504,8,0,29,26,"2,434","1,576",165,224,418,7,0,27,17,203,0,0,0,0,0,0,203,"1,363","1,320",43
0317,"1,803","1,377",84,121,192,4,0,16,9,"1,693","1,297",81,105,183,4,0,15,8,1,0,0,0,0,0,0,1,"1,279","1,173",106
0401,"1,781","1,395",67,144,119,6,1,33,16,"1,634","1,293",60,119,110,6,1,32,13,52,0,0,0,0,0,0,52,"1,069",955,114
0402,"1,964","1,324",137,172,297,6,1,22,5,"1,812","1,248",120,141,272,6,1,19,5,28,0,0,0,0,0,0,28,"1,430","1,200",230
0403,"2,527","1,372",510,239,308,10,0,47,41,"2,166","1,235",412,190,254,10,0,39,26,5,0,0,0,0,0,0,5,"1,336","1,271",65
0404,"2,360","1,513",363,214,202,5,2,45,16,"2,056","1,345",306,186,173,5,2,28,11,0,0,0,0,0,0,0,0,"1,377","1,297",80
0405,"2,938","1,694",244,197,718,7,7,50,21,"2,694","1,552",210,171,688,7,7,40,19,288,0,0,219,0,50,0,19,"1,652","1,524",128
0406,"3,390","2,206",172,259,678,8,4,39,24,"3,210","2,094",164,246,631,8,4,39,24,790,0,0,0,0,790,0,0,"1,841","1,516",325
0407,"3,179","1,571",257,332,895,7,2,60,55,"3,041","1,530",242,285,877,7,0,58,42,0,0,0,0,0,0,0,0,"2,203","2,039",164
0408,"5,832","3,172",491,584,"1,474",18,24,29,40,"5,685","3,138",459,551,"1,434",16,24,29,34,"2,566",0,0,261,0,"2,242",0,63,"2,048","1,796",252
0409,"4,863","2,800",603,634,647,18,1,135,25,"4,630","2,778",544,493,645,18,1,131,20,"3,997",0,0,0,0,"3,997",0,0,385,348,37
0410,"6,094","3,954",447,548,"1,036",28,5,43,33,"5,983","3,935",419,523,"1,004",28,5,41,28,"4,950",0,0,0,0,"4,950",0,0,661,588,73
0411,"1,242",726,142,106,235,8,0,24,1,"1,207",716,133,93,234,8,0,22,1,"1,046",0,0,0,0,962,0,84,84,74,10
0412,"2,215","1,132",233,266,491,19,0,57,17,"2,139","1,117",222,242,475,14,0,53,16,"1,159",0,0,0,0,"1,158",0,1,571,550,21
0501,"4,141","1,880",307,275,"1,638",5,0,22,14,"3,894","1,855",246,258,"1,502",3,0,18,12,"1,947",0,0,97,0,"1,841",0,9,"1,112","1,064",48
0502,"2,711","1,446",154,313,718,12,0,47,21,"2,598","1,415",143,273,696,10,0,45,16,61,53,0,0,0,0,0,8,"1,848","1,724",124
0503,"2,760","2,313",38,130,219,10,0,42,8,"2,490","2,094",33,118,200,10,0,29,6,22,0,0,0,0,0,0,22,"1,712","1,554",158
0504,"1,808","1,311",121,147,190,8,2,17,12,"1,717","1,267",101,143,175,7,1,16,7,0,0,0,0,0,0,0,0,"1,136","1,084",52
0505,"1,739","1,526",35,69,82,3,0,20,4,"1,555","1,381",31,53,72,3,0,13,2,10,0,0,0,0,0,0,10,"1,170",976,194
0506,"2,500","1,905",123,214,206,6,0,34,12,"2,340","1,793",120,201,182,6,0,32,6,354,0,0,50,0,231,0,73,"1,490","1,265",225
0507,"2,655","2,168",39,136,257,11,0,38,6,"2,511","2,055",39,125,244,8,0,38,2,33,0,0,0,0,29,0,4,"1,915","1,705",210
0508,"2,857","2,224",72,152,331,9,1,54,14,"2,682","2,103",72,141,304,7,1,44,10,294,0,0,0,0,285,0,9,"1,806","1,569",237
0509,"2,753","2,196",48,152,299,10,0,40,8,"2,556","2,076",46,123,262,6,0,36,7,120,0,0,0,0,102,0,18,"1,838","1,657",181
0510,"5,725","3,333",343,627,"1,319",22,3,60,18,"5,653","3,291",342,622,"1,306",18,3,53,18,"3,691",0,0,0,0,"3,671",0,20,"1,480","1,360",120
0511,"1,226",994,26,70,97,3,1,28,7,"1,148",941,22,56,92,3,0,28,6,0,0,0,0,0,0,0,0,740,698,42
0512,"2,774","1,314",82,249,"1,052",4,0,53,20,"2,639","1,243",79,232,"1,015",4,0,49,17,0,0,0,0,0,0,0,0,"1,814","1,645",169
0513,"2,110","1,441",69,109,453,3,1,22,12,"1,928","1,336",59,79,421,3,1,21,8,20,0,0,0,0,0,0,20,"1,402","1,183",219
0514,"1,593","1,209",41,101,209,3,1,21,8,"1,420","1,106",39,87,163,3,0,18,4,0,0,0,0,0,0,0,0,937,897,40
0515,"2,440","1,593",89,245,451,6,1,35,20,"2,345","1,538",87,230,438,5,1,28,18,452,0,0,0,0,437,0,15,"1,303","1,215",88
0601,"2,686","1,973",79,181,408,6,0,20,19,"2,458","1,847",72,139,357,6,0,20,17,188,0,0,188,0,0,0,0,"1,444","1,363",81
0602,"2,240","1,224",230,568,138,2,5,31,42,"1,866","1,146",153,381,116,2,4,28,36,0,0,0,0,0,0,0,0,972,923,49
0603,"2,611","1,761",163,392,202,15,4,40,34,"2,232","1,631",104,257,176,13,4,25,22,36,0,36,0,0,0,0,0,"1,270","1,203",67
0604,"1,469","1,225",17,61,134,4,1,22,5,"1,323","1,127",12,47,110,4,0,20,3,0,0,0,0,0,0,0,0,739,695,44
0605,"2,098","1,898",20,73,52,13,1,28,13,"1,955","1,787",14,56,49,10,1,27,11,0,0,0,0,0,0,0,0,"1,146","1,068",78
0606,"2,194","2,014",27,77,52,4,0,17,3,"1,995","1,858",20,58,45,3,0,9,2,49,0,0,0,0,0,0,49,"1,121","1,026",95
0607,"2,011","1,833",14,63,84,3,0,11,3,"1,770","1,625",13,48,71,1,0,11,1,0,0,0,0,0,0,0,0,922,874,48
0608,"2,470","2,295",14,82,57,5,0,12,5,"2,246","2,102",14,63,47,4,0,11,5,3,0,0,0,0,0,0,3,"1,266","1,179",87
0609,"2,278","2,127",22,76,34,0,0,18,1,"2,090","1,953",20,67,32,0,0,17,1,0,0,0,0,0,0,0,0,"1,227","1,163",64
0610,"2,006","1,661",56,86,173,4,0,20,6,"1,856","1,562",56,67,145,1,0,19,6,5,0,0,0,0,0,0,5,"1,165","1,087",78
0611,"2,257","1,797",52,128,221,3,1,26,29,"2,108","1,716",44,109,194,3,1,19,22,0,0,0,0,0,0,0,0,"1,921","1,492",429
0612,"3,322","2,518",133,188,353,6,1,96,27,"3,178","2,455",119,161,329,4,1,88,21,1,0,0,0,0,0,0,1,"2,701","2,132",569
0701,"1,780","1,646",13,56,34,1,0,24,6,"1,612","1,504",10,46,29,1,0,18,4,0,0,0,0,0,0,0,0,846,794,52
0702,"2,365","2,167",29,67,74,8,0,18,2,"2,167","1,998",25,56,62,8,0,16,2,0,0,0,0,0,0,0,0,"1,156","1,081",75
0703,"2,512","2,307",11,96,48,3,0,39,8,"2,335","2,160",7,87,38,3,0,33,7,0,0,0,0,0,0,0,0,"1,379","1,247",132
0704,"2,108","1,689",89,211,85,12,0,13,9,"1,873","1,557",64,144,77,12,0,11,8,0,0,0,0,0,0,0,0,"1,008",943,65
0705,"2,041","1,522",101,198,176,3,4,30,7,"1,824","1,412",69,159,158,3,2,17,4,63,0,0,0,0,0,0,63,"1,058","1,002",56
0706,"2,216","1,187",275,468,203,18,2,28,35,"1,920","1,135",184,351,185,18,2,23,22,5,0,0,0,0,0,0,5,"1,105","1,053",52
0707,"2,669",486,540,"1,123",394,19,0,45,62,"1,962",415,362,767,345,11,0,32,30,0,0,0,0,0,0,0,0,"1,252","1,204",48
0708,"2,151","1,428",157,167,327,13,0,24,35,"1,930","1,314",132,137,290,7,0,22,28,31,0,20,0,0,0,0,11,"1,229","1,030",199
0709,"1,796","1,112",119,242,233,9,0,43,38,"1,553","1,028",91,185,181,9,0,35,24,34,0,0,0,0,0,0,34,804,713,91
0710,"2,414",333,618,502,112,4,0,413,432,"1,913",300,450,380,96,4,0,342,341,16,0,6,0,0,0,0,10,891,844,47
0801,"2,687",930,485,714,484,13,2,40,19,"2,288",855,370,532,471,10,2,32,16,23,0,0,0,0,0,0,23,"1,752","1,384",368
0802,"2,199","1,309",277,248,304,3,2,38,18,"1,977","1,221",235,203,264,3,2,37,12,267,0,0,0,45,0,0,222,"1,076","1,005",71
0803,"2,939",151,"1,464","1,048",61,3,1,70,141,"2,173",143,"1,133",690,51,1,0,42,113,23,0,0,0,0,0,0,23,"1,158","1,076",82
0804,"2,826",513,951,847,393,25,1,61,35,"2,420",490,781,668,382,21,1,45,32,482,16,0,0,0,0,0,466,"1,237","1,170",67
0805,"3,091",212,890,687,78,5,0,466,753,"2,361",176,692,478,62,5,0,364,584,53,0,0,0,0,0,0,53,"1,091","1,012",79
0806,"1,700",555,500,497,29,0,2,49,68,"1,574",550,468,444,21,0,2,40,49,"1,073",726,4,0,0,0,0,343,329,262,67
0901,"2,698",930,259,840,618,4,1,30,16,"2,295",860,219,642,535,1,1,25,12,18,0,0,0,0,0,0,18,"1,459","1,398",61
0902,"2,300","1,203",347,398,290,8,5,27,22,"2,007","1,108",301,298,258,7,5,19,11,14,0,0,0,0,0,0,14,"1,253","1,192",61
0903,"3,288",308,"1,252","1,372",264,3,2,29,58,"2,458",275,908,969,239,3,2,19,43,29,0,0,0,0,0,0,29,"1,430","1,378",52
0904,"2,200",184,934,874,101,10,1,35,61,"1,721",170,743,628,95,8,1,23,53,16,0,0,0,0,0,0,16,"1,578","1,153",425
0905,"2,272",434,981,539,222,11,0,20,65,"1,901",415,836,392,177,7,0,18,56,12,0,0,0,0,0,0,12,"1,047",966,81
0906,"2,794","1,276",516,523,382,2,1,50,44,"2,429","1,191",412,388,363,2,1,49,23,15,0,15,0,0,0,0,0,"1,497","1,411",86
0907,"4,382","1,681",588,669,"1,381",8,3,25,27,"4,098","1,646",504,550,"1,346",6,3,18,25,"2,484",0,0,0,0,"2,484",0,0,868,766,102
1001,"1,562",346,426,505,237,8,0,25,15,"1,337",342,321,406,223,8,0,22,15,121,0,0,0,0,121,0,0,760,740,20
1002,"2,742",867,371,391,"1,073",0,3,20,17,"2,473",820,270,311,"1,035",0,3,19,15,4,0,4,0,0,0,0,0,"1,133","1,070",63
1003,"2,314","1,145",215,350,538,8,0,37,21,"2,073","1,083",172,255,506,8,0,35,14,0,0,0,0,0,0,0,0,947,895,52
1004,"3,624",983,487,750,"1,288",10,0,76,30,"3,146",938,390,571,"1,148",7,0,63,29,61,0,0,0,0,0,0,61,"1,677","1,621",56
1005,"2,838","1,601",308,331,507,6,2,41,42,"2,590","1,513",262,257,486,4,2,34,32,12,0,0,0,0,0,0,12,"1,029",996,33
1006,"2,137",547,519,769,235,6,0,34,27,"1,736",491,432,564,201,6,0,25,17,112,0,0,112,0,0,0,0,694,662,32
1007,"2,843",389,747,"1,461",161,2,4,37,42,"2,203",363,543,"1,095",149,2,3,22,26,10,0,0,0,0,0,0,10,"1,200","1,109",91
1008,"3,329","1,554",424,442,836,2,0,42,29,"3,096","1,457",397,396,783,2,0,37,24,295,0,20,156,0,0,0,119,"1,862","1,674",188
1009,"2,909","1,594",273,588,371,5,3,48,27,"2,587","1,485",219,498,327,4,0,36,18,26,0,0,0,0,0,0,26,"1,370","1,320",50
1101,"1,501",561,470,265,111,6,0,26,62,"1,299",514,389,221,102,4,0,24,45,50,0,0,0,0,36,0,14,634,608,26
1102,"2,476",389,"1,109",776,91,13,1,20,77,"1,959",326,896,566,76,8,1,18,68,81,0,70,0,0,0,0,11,982,932,50
1103,"1,979",146,961,740,55,8,0,22,47,"1,548",138,758,537,51,7,0,15,42,13,0,0,0,0,0,0,13,827,791,36
1104,"3,311",823,823,"1,351",182,15,2,55,60,"2,686",742,663,"1,020",155,14,2,43,47,103,0,0,0,0,0,0,103,"1,377","1,284",93
1105,"2,732",715,679,"1,112",123,13,1,35,54,"2,184",622,529,846,108,8,0,29,42,99,0,50,5,0,0,0,44,"1,303","1,239",64
1106,"1,594",757,181,485,118,3,0,37,13,"1,374",689,152,384,105,3,0,31,10,13,0,0,0,0,0,0,13,690,641,49
1107,"2,307","1,064",406,609,145,15,2,42,24,"1,899",924,338,455,116,10,2,33,21,120,0,0,76,0,0,0,44,"1,030","1,000",30
1108,"2,796","1,541",266,429,460,7,2,45,46,"2,504","1,414",236,357,419,7,2,34,35,0,0,0,0,0,0,0,0,"1,597","1,370",227
1109,"1,263",890,64,130,133,1,1,31,13,"1,119",815,54,112,96,1,1,29,11,10,0,0,0,0,0,0,10,632,612,20
1110,"1,813","1,118",170,288,166,6,1,32,32,"1,590","1,014",130,232,157,6,1,28,22,19,0,0,0,0,0,0,19,864,847,17
1201,"2,742",236,"1,496",729,116,15,1,56,93,"2,111",197,"1,199",496,101,7,1,38,72,33,0,30,0,0,0,0,3,"1,091","1,008",83
1202,"3,548",112,"1,963","1,181",44,10,2,84,152,"2,685",93,"1,556",810,35,8,2,68,113,21,0,9,0,0,0,0,12,"1,498","1,420",78
1203,"1,480",110,804,426,48,9,0,20,63,"1,137",95,640,291,38,5,0,14,54,8,0,0,0,0,0,0,8,594,551,43
1204,"2,065",158,"1,180",595,24,6,0,35,67,"1,608",139,940,436,16,4,0,23,50,17,0,0,0,0,0,0,17,906,848,58
1205,"1,075",37,679,304,15,9,0,9,22,778,26,502,211,10,7,0,8,14,0,0,0,0,0,0,0,0,463,459,4
1206,"1,582",62,955,387,21,5,1,44,107,"1,180",53,743,255,19,4,1,27,78,0,0,0,0,0,0,0,0,603,563,40
1207,"4,337",163,"2,290","1,695",36,7,3,43,100,"3,161",154,"1,709","1,162",29,7,3,25,72,119,0,0,0,41,0,0,78,"1,732","1,658",74
1208,"1,602",75,805,599,11,7,0,35,70,"1,194",58,619,421,11,6,0,29,50,40,0,32,0,0,0,0,8,620,589,31
1209,"1,639",58,951,528,26,4,2,27,43,"1,245",41,752,376,24,4,2,19,27,0,0,0,0,0,0,0,0,683,638,45
1301,"2,889",102,"1,192","1,067",83,10,1,106,328,"2,038",88,844,725,57,6,1,77,240,3,0,0,0,0,0,0,3,987,941,46
1302,962,40,453,301,33,3,1,25,106,724,38,362,196,27,2,1,14,84,4,0,0,0,0,0,0,4,349,320,29
1303,"3,949","1,170",605,801,"1,279",18,5,37,34,"3,424","1,040",472,613,"1,223",16,5,28,27,22,0,0,0,0,0,0,22,"2,013","1,861",152
1304,"1,881",129,827,615,47,9,1,105,148,"1,421",117,625,432,32,9,1,91,114,94,0,8,0,0,0,0,86,635,614,21
1305,"1,708",290,598,402,47,8,0,191,172,"1,341",269,438,289,36,7,0,171,131,97,0,0,0,0,0,0,97,671,638,33
1306,"2,097",672,428,519,156,3,1,102,216,"1,657",629,304,340,124,3,1,91,165,127,0,98,0,0,0,0,29,836,784,52
1307,"2,200","1,207",144,199,542,13,1,51,43,"2,014","1,152",127,169,472,11,1,50,32,11,0,0,0,0,0,0,11,"1,005",963,42
1308,"2,015","1,078",205,172,455,5,1,43,56,"1,779",992,159,148,386,5,1,38,50,8,0,0,0,0,0,0,8,820,752,68
1309,"1,981",811,245,240,452,8,0,93,132,"1,683",763,199,164,379,8,0,72,98,0,0,0,0,0,0,0,0,858,801,57
1310,"2,422","1,684",139,171,344,3,0,55,26,"2,123","1,530",106,141,267,3,0,53,23,0,0,0,0,0,0,0,0,"1,133","1,080",53
1401,"4,953",131,"2,338","1,983",71,8,2,119,301,"3,444",87,"1,650","1,333",61,6,2,86,219,18,0,18,0,0,0,0,0,"1,699","1,622",77
1402,"4,628",164,"2,748","1,191",58,20,0,92,355,"3,310",121,"2,032",803,38,9,0,54,253,0,0,0,0,0,0,0,0,"1,554","1,481",73
1403,"2,212",27,"1,077",926,47,18,1,38,78,"1,620",13,822,654,37,15,1,17,61,20,0,0,0,0,0,0,20,915,865,50
1404,"2,677",130,"1,412",766,53,13,0,87,216,"1,948",111,"1,061",510,37,9,0,61,159,93,0,59,0,0,0,0,34,963,904,59
1405,"2,157",24,"1,623",410,14,8,0,14,64,"1,478",21,"1,162",210,12,7,0,11,55,14,0,14,0,0,0,0,0,740,676,64
1406,"2,038",56,"1,201",583,22,19,0,57,100,"1,485",51,915,369,21,10,0,40,79,0,0,0,0,0,0,0,0,741,675,66
1407,"2,132",69,"1,141",730,39,17,0,31,105,"1,485",48,866,447,29,9,0,19,67,22,0,0,0,0,0,0,22,835,781,54
1408,"1,828",105,"1,268",348,21,3,1,17,65,"1,442",98,"1,013",245,20,1,1,15,49,94,86,8,0,0,0,0,0,665,627,38
1409,"2,428",45,"1,031","1,217",16,5,0,42,72,"1,717",31,785,797,13,5,0,25,61,12,0,0,0,0,0,0,12,900,851,49
1410,"2,255",39,"1,207",818,26,3,0,62,100,"1,555",31,838,537,22,2,0,45,80,17,0,0,0,0,0,0,17,773,732,41
1411,"2,417",86,"1,473",684,34,16,1,40,83,"1,678",73,"1,049",434,24,12,1,27,58,176,0,41,0,0,0,0,135,810,789,21
1412,"1,309",32,848,305,21,6,1,27,69,991,27,656,215,12,6,0,21,54,13,0,0,0,0,0,0,13,453,409,44
1413,"1,765",23,"1,198",392,27,3,0,49,73,"1,273",20,900,249,19,1,0,29,55,0,0,0,0,0,0,0,0,627,594,33
1414,"2,186",41,"1,547",485,3,6,1,21,82,"1,604",23,"1,211",285,0,5,1,17,62,58,0,47,0,0,0,0,11,776,712,64
1501,"2,737",120,994,975,67,6,2,198,375,"2,053",100,803,660,55,5,2,148,280,36,0,4,0,0,0,0,32,"1,003",931,72
1502,"2,036",97,912,474,87,17,0,119,330,"1,517",85,700,306,61,14,0,92,259,0,0,0,0,0,0,0,0,730,639,91
1503,"1,307",133,511,292,54,4,0,94,219,995,129,388,185,50,3,0,69,171,22,0,0,0,0,0,0,22,509,476,33
1504,"3,237",283,892,632,579,10,0,295,546,"2,473",232,716,433,453,9,0,234,396,28,0,16,0,0,0,0,12,"1,143","1,070",73
1505,"2,439",120,"1,070",658,145,14,0,127,305,"1,791",91,773,451,117,12,0,99,248,0,0,0,0,0,0,0,0,811,714,97
1506,"1,904",456,242,313,775,9,0,38,71,"1,556",435,194,226,612,8,0,24,57,12,0,0,9,0,0,0,3,766,711,55
1507,"1,987",160,880,494,73,4,2,107,267,"1,450",142,617,338,59,2,2,82,208,49,0,0,0,0,0,0,49,653,629,24
1508,"1,804",190,555,369,553,5,3,39,90,"1,376",169,398,285,421,5,3,30,65,61,0,27,10,0,0,0,24,643,591,52
1509,"1,895",255,474,364,520,8,1,88,185,"1,494",240,356,257,433,8,1,61,138,12,0,0,0,0,0,0,12,733,680,53
1601,"2,142",345,516,364,789,8,1,42,77,"1,711",301,416,273,632,4,1,31,53,35,0,0,0,0,0,0,35,823,757,66
1602,"1,378",616,131,130,427,9,0,25,40,"1,140",566,102,90,325,6,0,22,29,0,0,0,0,0,0,0,0,551,515,36
1603,"2,518",440,861,344,695,13,4,51,110,"2,000",398,675,254,533,12,4,37,87,31,0,0,0,0,0,0,31,955,884,71
1604,"2,317",578,573,348,626,5,0,76,111,"1,867",520,468,233,494,5,0,66,81,107,0,0,106,0,0,0,1,813,764,49
1605,"2,315",879,507,284,522,5,0,41,77,"1,841",790,355,187,407,5,0,33,64,0,0,0,0,0,0,0,0,957,906,51
1606,"3,150",746,868,347,"1,024",5,0,46,114,"2,571",657,711,270,798,5,0,42,88,0,0,0,0,0,0,0,0,"1,298","1,244",54
1607,"1,743","1,176",191,107,166,6,0,49,48,"1,419",999,142,83,114,6,0,35,40,11,0,0,0,0,0,0,11,756,708,48
1608,"3,042","1,647",527,302,420,6,5,77,58,"2,498","1,427",407,213,333,6,4,58,50,0,0,0,0,0,0,0,0,"1,288","1,216",72
1609,"2,131","1,853",40,52,139,1,0,34,12,"1,789","1,560",33,45,111,1,0,28,11,0,0,0,0,0,0,0,0,981,915,66
1610,"2,179","1,445",226,146,272,6,0,36,48,"1,827","1,252",194,106,210,4,0,21,40,88,0,0,77,0,0,0,11,982,915,67
1611,"1,138",782,151,86,85,7,0,6,21,951,666,121,65,74,4,0,5,16,0,0,0,0,0,0,0,0,493,476,17
1612,"1,590","1,391",89,35,38,2,0,18,17,"1,305","1,141",81,27,30,0,0,13,13,0,0,0,0,0,0,0,0,768,752,16
1701,"2,204",88,"1,245",553,68,11,1,75,163,"1,614",74,931,372,47,10,1,57,122,24,0,0,0,0,0,0,24,724,678,46
1702,"1,393",100,662,256,226,5,0,23,121,"1,130",88,536,201,183,5,0,17,100,20,0,0,0,0,0,0,20,482,423,59
1703,"2,933",374,"1,705",515,137,15,0,61,126,"2,283",335,"1,337",347,115,14,0,43,92,31,0,0,0,0,0,0,31,"1,075","1,026",49
1704,"2,952",632,"1,444",343,309,10,1,61,152,"2,368",551,"1,169",235,253,9,0,43,108,113,0,0,101,0,0,0,12,"1,105","1,020",85
1705,"1,786",42,"1,068",522,50,7,3,17,77,"1,250",30,786,327,33,7,0,12,55,0,0,0,0,0,0,0,0,606,564,42
1706,"2,018",374,852,422,201,17,2,54,96,"1,631",330,714,303,141,12,2,49,80,0,0,0,0,0,0,0,0,834,788,46
1707,"1,363",52,929,242,39,4,0,19,78,"1,037",50,724,153,28,4,0,17,61,13,0,0,0,0,0,0,13,452,429,23
1708,"2,007",105,"1,213",506,57,26,2,53,45,"1,523",96,926,353,43,25,1,40,39,0,0,0,0,0,0,0,0,730,677,53
1709,"1,290",451,471,181,99,2,2,30,54,"1,037",389,371,129,79,2,2,23,42,9,0,9,0,0,0,0,0,585,542,43
1710,"2,626",97,"1,810",426,99,8,0,51,135,"1,987",92,"1,411",278,74,8,0,34,90,0,0,0,0,0,0,0,0,997,911,86
1711,984,189,498,150,74,10,0,31,32,825,185,413,111,56,10,0,26,24,24,0,0,0,0,0,0,24,441,426,15
1712,"1,417",160,894,206,61,4,0,22,70,"1,158",142,742,141,53,4,0,16,60,0,0,0,0,0,0,0,0,495,462,33
1713,"1,796",888,477,165,200,5,1,28,32,"1,575",821,402,143,155,5,1,22,26,11,0,0,0,0,0,0,11,"1,064",995,69
1714,"1,681",491,800,175,110,5,0,32,68,"1,424",465,655,135,90,5,0,27,47,0,0,0,0,0,0,0,0,808,790,18
1801,"3,423",179,"2,152",839,51,18,2,63,119,"2,609",166,"1,686",555,43,15,2,46,96,51,0,0,0,0,0,0,51,"1,398","1,337",61
1802,"2,462",25,"1,902",410,9,19,2,13,82,"1,944",16,"1,534",290,7,12,2,11,72,22,0,0,0,0,0,0,22,989,934,55
1803,"2,810",51,"2,191",414,11,4,4,24,111,"2,142",42,"1,720",274,7,3,4,19,73,7,0,0,0,0,0,0,7,"1,026",979,47
1804,"2,958",67,"2,293",417,30,3,2,31,115,"2,325",57,"1,851",272,23,0,1,24,97,79,0,6,73,0,0,0,0,"1,125","1,078",47
1805,"2,464",95,"1,896",347,16,7,0,22,81,"1,953",89,"1,532",227,12,7,0,21,65,1,0,0,0,0,0,0,1,967,937,30
1806,"2,800",100,"2,065",478,31,9,0,20,97,"2,281",88,"1,716",355,17,7,0,19,79,0,0,0,0,0,0,0,0,963,888,75
1807,"2,365",461,819,855,120,6,0,67,37,"1,892",415,655,651,92,6,0,50,23,32,0,9,0,0,0,0,23,863,805,58
1808,"3,961",445,"1,989","1,291",105,2,1,39,89,"3,214",397,"1,646",976,89,2,1,31,72,0,0,0,0,0,0,0,0,"1,612","1,574",38
1809,"2,035",881,540,486,68,8,0,31,21,"1,652",760,423,372,58,7,0,23,9,5,0,0,0,0,0,0,5,836,793,43
1810,"2,917","1,642",477,571,139,6,0,54,28,"2,391","1,386",364,457,120,6,0,41,17,3,0,0,0,0,0,0,3,"1,219","1,153",66
1811,"2,392",442,"1,075",714,78,3,1,25,54,"1,804",383,787,503,71,3,0,15,42,1,0,0,0,0,0,0,1,"1,043",988,55
1812,"2,367",657,941,607,52,21,1,28,60,"1,903",578,755,453,35,21,1,5,55,12,0,0,0,0,0,0,12,920,878,42
1813,"1,636",270,791,486,24,8,2,17,38,"1,328",236,654,362,21,8,2,14,31,0,0,0,0,0,0,0,0,578,557,21
1814,"1,648",186,754,645,19,6,0,6,32,"1,326",165,608,494,17,6,0,6,30,49,0,0,36,0,0,0,13,569,514,55
1815,"2,540",203,"1,651",583,30,3,0,31,39,"1,952",166,"1,290",418,28,3,0,19,28,10,0,0,0,0,0,0,10,935,900,35
1816,"2,413","1,192",606,402,111,5,7,36,54,"1,932","1,007",472,297,79,5,7,22,43,111,0,0,31,0,64,0,16,856,821,35
1817,"2,430",531,972,790,56,4,0,36,41,"1,852",466,739,538,49,4,0,31,25,0,0,0,0,0,0,0,0,906,864,42
1818,"2,983",633,"1,332",863,49,14,0,45,47,"2,476",573,"1,097",680,46,12,0,27,41,6,0,0,0,0,0,0,6,"1,427","1,371",56
1819,"3,759",895,"1,786",821,114,16,2,52,73,"2,949",792,"1,370",595,92,15,2,44,39,0,0,0,0,0,0,0,0,"1,364","1,312",52
1820,"3,467","1,446","1,033",659,136,8,1,132,52,"2,754","1,257",764,475,107,6,1,105,39,8,0,0,0,0,0,0,8,"1,387","1,323",64
1821,"3,109",47,"2,392",496,11,5,1,25,132,"2,469",40,"1,947",373,7,5,1,10,86,0,0,0,0,0,0,0,0,"1,320","1,239",81
1822,"2,214",954,514,602,79,10,0,34,21,"1,829",827,402,482,61,10,0,27,20,3,0,0,0,0,0,0,3,857,831,26
1823,"2,995",286,"1,631",928,62,5,0,37,46,"1,939",226,"1,048",559,48,5,0,24,29,0,0,0,0,0,0,0,0,"1,312","1,258",54
1901,"1,760","1,249",99,216,136,15,0,24,21,"1,522","1,097",85,193,101,15,0,23,8,0,0,0,0,0,0,0,0,800,770,30
1902,"2,223","1,675",140,159,192,8,3,36,10,"1,832","1,441",109,115,136,4,3,19,5,336,0,20,82,0,160,0,74,766,746,20
1903,"1,070",816,48,86,95,2,0,13,10,951,746,39,63,85,2,0,11,5,0,0,0,0,0,0,0,0,518,482,36
1904,"2,375","1,717",131,292,176,6,0,39,14,"2,062","1,521",115,241,146,5,0,26,8,15,0,0,0,0,0,0,15,"1,084","1,020",64
1905,"1,873","1,221",210,265,125,10,0,30,12,"1,706","1,117",200,233,111,10,0,27,8,160,0,0,0,120,0,0,40,975,935,40
1906,"2,165","1,578",113,180,206,12,0,63,13,"1,870","1,408",104,137,154,12,0,52,3,8,0,0,0,0,0,0,8,"1,094","1,054",40
1907,"2,078","1,192",191,395,224,12,4,39,21,"1,724","1,037",147,298,189,12,4,26,11,3,0,0,0,0,0,0,3,913,855,58
1908,"1,435","1,145",76,78,105,2,0,25,4,"1,180",948,58,64,89,2,0,19,0,0,0,0,0,0,0,0,0,622,589,33
1909,"1,274",728,123,271,91,4,0,33,24,"1,058",647,86,204,79,3,0,23,16,0,0,0,0,0,0,0,0,556,508,48
1910,"2,571","1,138",579,653,92,12,1,53,43,"2,057",946,478,467,77,11,0,46,32,6,0,0,0,0,0,0,6,"1,048","1,001",47
1911,"2,673",542,749,"1,225",88,3,0,30,36,"2,048",484,561,882,68,2,0,23,28,3,0,0,0,0,0,0,3,"1,014",997,17
1912,"1,592",837,251,385,65,3,2,24,25,"1,341",726,213,311,55,1,2,16,17,10,0,0,0,0,0,0,10,731,691,40
1913,"1,642",591,414,534,72,2,0,20,9,"1,372",534,318,445,54,2,0,15,4,0,0,0,0,0,0,0,0,676,651,25
2001,"2,183","1,780",114,115,113,9,0,41,11,"1,858","1,548",98,85,81,9,0,28,9,442,0,0,438,0,0,0,4,847,806,41
2002,"2,421","1,441",276,478,132,10,1,56,27,"1,967","1,212",215,357,109,10,1,44,19,9,0,0,0,0,0,0,9,"1,065","1,012",53
2003,"2,429","1,186",483,401,288,9,1,22,39,"2,004","1,027",364,316,243,9,1,19,25,68,0,0,63,0,0,0,5,"1,056","1,028",28
2004,"1,657","1,278",82,157,86,7,0,34,13,"1,375","1,084",58,123,63,7,0,29,11,4,0,0,0,0,0,0,4,738,699,39
2005,"2,200","1,653",113,238,156,6,1,9,24,"1,864","1,431",93,187,124,5,0,2,22,179,0,0,159,0,0,0,20,"1,004",909,95
2006,"2,012","1,651",52,113,158,6,0,28,4,"1,739","1,463",43,86,117,6,0,20,4,138,0,0,125,0,0,0,13,940,875,65
2007,"1,310","1,006",57,104,105,3,0,31,4,"1,108",870,50,79,84,3,0,19,3,0,0,0,0,0,0,0,0,578,555,23
2008,"1,609","1,154",115,221,73,7,0,19,20,"1,279",951,84,165,47,7,0,8,17,0,0,0,0,0,0,0,0,676,646,30
2009,"1,969","1,166",227,409,87,9,0,54,17,"1,581",984,162,301,67,9,0,46,12,0,0,0,0,0,0,0,0,831,778,53
2010,"2,897","1,864",308,345,330,7,0,29,14,"2,286","1,528",226,240,247,6,0,27,12,16,0,0,0,0,0,0,16,"1,198","1,140",58
2011,"1,014",827,30,54,89,1,0,12,1,835,692,24,38,70,1,0,9,1,0,0,0,0,0,0,0,0,445,420,25
2012,"1,387","1,114",53,103,84,3,0,24,6,"1,131",933,33,71,65,3,0,21,5,0,0,0,0,0,0,0,0,536,517,19
2013,"1,169","1,022",25,55,39,3,0,24,1,961,846,24,39,35,3,0,14,0,7,0,0,0,0,0,0,7,526,512,14
2014,"1,223","1,075",27,48,64,0,1,7,1,948,844,23,38,38,0,0,4,1,10,0,0,0,0,0,0,10,479,472,7
2015,"2,580","1,695",193,311,286,13,8,45,29,"2,097","1,428",147,225,222,13,3,37,22,3,0,0,0,0,0,0,3,"1,089","1,045",44
2016,"2,638","1,856",193,273,255,10,2,30,19,"2,235","1,615",160,226,192,9,1,19,13,0,0,0,0,0,0,0,0,"1,257","1,208",49
2017,"2,746","2,076",110,213,252,10,0,58,27,"2,225","1,737",82,150,185,10,0,38,23,7,0,0,0,0,0,0,7,"1,219","1,145",74
2018,"1,321","1,050",70,67,108,4,0,14,8,"1,101",882,58,52,89,4,0,12,4,70,0,0,65,0,0,0,5,614,587,27
2019,"1,420","1,120",34,90,138,1,0,29,8,"1,091",904,28,55,80,1,0,20,3,0,0,0,0,0,0,0,0,556,522,34
2020,"2,807","1,971",144,248,361,4,0,66,13,"2,376","1,691",119,198,296,4,0,56,12,4,0,0,0,0,0,0,4,"1,484","1,403",81
2021,291,166,35,55,15,3,0,9,8,265,164,27,48,11,3,0,9,3,3,0,0,0,0,0,0,3,181,181,0
2101,"4,647","2,319",206,375,"1,650",11,5,59,22,"4,471","2,252",187,365,"1,578",8,3,58,20,730,0,0,0,0,713,0,17,"2,638","2,347",291
2102,"5,699","2,917",502,547,"1,625",6,19,59,24,"5,643","2,896",495,536,"1,613",6,19,58,20,"5,015",0,0,0,0,"5,015",0,0,478,400,78
2103,"3,923","1,927",196,340,"1,371",16,0,54,19,"3,802","1,890",188,307,"1,345",14,0,45,13,571,0,0,0,0,559,0,12,"1,978","1,882",96
2104,"2,933","1,403",136,406,872,1,0,92,23,"2,697","1,321",120,335,825,0,0,79,17,0,0,0,0,0,0,0,0,"1,281","1,177",104
2105,"2,948","1,642",123,329,768,4,4,67,11,"2,775","1,583",101,277,738,4,3,59,10,13,0,0,0,0,0,0,13,"1,485","1,423",62
2106,"2,023","1,071",85,259,519,15,2,52,20,"1,885","1,026",74,224,496,14,2,37,12,101,0,0,26,0,0,0,75,771,720,51
2107,"2,703","1,215",267,478,673,14,2,28,26,"2,441","1,155",225,386,611,13,2,25,24,18,0,0,0,0,0,0,18,"1,344","1,312",32
2108,"3,255","1,873",103,296,855,20,0,74,34,"3,113","1,829",89,266,813,19,0,71,26,0,0,0,0,0,0,0,0,"1,846","1,764",82
2109,"3,495","1,623",367,537,866,11,2,58,31,"3,136","1,575",282,392,802,11,2,52,20,56,0,0,0,56,0,0,0,"1,921","1,776",145
2110,"2,301","1,295",227,314,383,9,0,52,21,"2,141","1,254",194,261,357,9,0,50,16,141,0,0,141,0,0,0,0,"1,267","1,233",34
2111,"2,804","1,825",112,194,600,16,2,43,12,"2,639","1,728",108,175,560,16,2,40,10,0,0,0,0,0,0,0,0,"1,360","1,317",43
2112,"2,543","1,672",108,213,485,9,1,36,19,"2,429","1,617",108,185,470,7,0,31,11,0,0,0,0,0,0,0,0,"1,391","1,325",66
2113,"3,152","1,938",117,244,770,9,0,53,21,"2,934","1,781",116,214,748,9,0,51,15,0,0,0,0,0,0,0,0,"1,772","1,701",71
2114,"1,682","1,161",64,132,269,22,2,27,5,"1,622","1,135",62,122,253,18,2,25,5,10,0,0,0,0,0,0,10,919,883,36
2115,"2,000","1,354",77,153,364,12,0,35,5,"1,921","1,315",72,140,350,12,0,27,5,0,0,0,0,0,0,0,0,"1,218","1,172",46
2116,"6,175","4,607",392,471,563,42,20,63,17,"5,977","4,464",383,456,549,38,20,55,12,"3,447",0,0,0,0,"3,438",0,9,"1,744","1,633",111
2201,"4,222","2,121",273,642,983,16,6,122,59,"3,848","2,011",250,529,905,11,5,92,45,475,0,0,0,0,475,0,0,"1,910","1,594",316
2202,"4,033","1,881",331,660,945,14,6,151,45,"3,516","1,722",238,521,853,13,6,130,33,32,0,0,0,0,0,0,32,"1,697","1,632",65
2203,"3,034","2,055",80,338,444,9,2,82,24,"2,703","1,875",69,264,402,8,2,62,21,20,0,0,0,0,0,0,20,"1,281","1,232",49
2204,"2,067","1,383",97,172,341,7,1,49,17,"1,888","1,302",88,143,294,7,1,39,14,8,0,0,0,0,0,0,8,924,874,50
2205,"2,864","1,320",215,417,695,14,0,173,30,"2,401","1,171",154,299,610,12,0,136,19,17,0,7,0,0,0,0,10,"1,303","1,219",84
2206,"1,862","1,134",45,215,349,5,1,92,21,"1,683","1,060",38,167,321,5,1,72,19,0,0,0,0,0,0,0,0,826,790,36
2207,"2,455","1,700",97,282,237,13,0,109,17,"2,195","1,565",75,211,226,13,0,90,15,45,0,6,0,0,0,0,39,"1,016",970,46
2208,"2,191","1,377",87,154,504,13,2,44,10,"2,039","1,303",87,135,454,13,2,36,9,126,0,0,0,0,55,0,71,974,919,55
2209,"2,347","1,636",68,120,452,3,1,60,7,"2,015","1,391",65,114,393,3,1,42,6,31,0,0,0,0,0,0,31,"1,071","1,015",56
2210,"2,279","1,633",103,201,250,8,0,69,15,"2,087","1,540",90,167,223,4,0,50,13,12,0,0,0,0,0,0,12,"1,021",985,36
2211,"1,663","1,096",63,144,271,7,1,65,16,"1,473",995,59,123,222,7,1,51,15,1,0,0,0,0,0,0,1,623,598,25
2212,"2,206",926,205,576,345,3,4,134,13,"1,780",833,160,387,286,3,3,101,7,9,0,0,0,0,0,0,9,822,791,31
2213,"1,513","1,138",54,140,150,2,0,21,8,"1,390","1,065",43,112,141,2,0,20,7,99,0,0,99,0,0,0,0,597,586,11
